country,year,gross_expenditure_rd
Albania,2008,39831.94
Albania,2007,19875.92
Algeria,2005,242321.25
Algeria,2004,549074.75
Algeria,2003,614641.59
Algeria,2002,1049650.27
Algeria,2001,615279.99
Argentina,2011,4655464.79
Armenia,2014,58412.2
Armenia,2013,51322.61
Armenia,2012,52560.9
Armenia,2011,54549.21
Armenia,2010,45612.71
Armenia,2009,53142.37
Armenia,2008,47381.85
Armenia,2007,40891.63
Armenia,2006,39911.74
Armenia,2005,36629.87
Armenia,2004,25650.04
Armenia,2003,25550.65
Armenia,2002,23142.89
Armenia,2001,22315.97
Armenia,2000,13138.61
Armenia,1999,14059.77
Armenia,1998,14158.23
Armenia,1997,10795.76
Australia,2013,21990342.29
Australia,2011,20955599.15
Australia,2010,20546156.24
Australia,2008,19132997.49
Australia,2006,15503240.22
Australia,2004,11683188.31
Australia,2002,9885296.56
Australia,2000,7951317.06
Australia,1998,6865107.29
Australia,1996,6701057.7
Austria,2014,11779712.9
Austria,2013,11341617.81
Austria,2012,10910150.06
Austria,2011,9906498.93
Austria,2010,9585855.63
Austria,2009,8860472.42
Austria,2008,8854091.64
Austria,2007,7917492.39
Austria,2006,7381630.35
Austria,2005,6802552.79
Austria,2004,6005706.49
Austria,2003,5707800.65
Austria,2002,5229778.94
Austria,2001,4791524.42
Austria,2000,4477260.12
Austria,1999,4101891.96
Austria,1998,3703419.08
Austria,1997,3376760.84
Austria,1996,3101701.36
Azerbaijan,2014,350676.82
Azerbaijan,2013,341276.54
Azerbaijan,2012,326612.71
Azerbaijan,2011,304693.9
Azerbaijan,2010,309146.03
Azerbaijan,2009,332982.18
Azerbaijan,2008,200191.6
Azerbaijan,2007,182086.7
Azerbaijan,2006,143161.15
Azerbaijan,2005,132322.29
Azerbaijan,2004,137558.19
Azerbaijan,2003,132339.91
Azerbaijan,2002,108279.07
Azerbaijan,2001,108718.5
Azerbaijan,2000,95578.61
Azerbaijan,1999,98359.24
Azerbaijan,1998,96710.83
Azerbaijan,1997,76291.09
Azerbaijan,1996,45151.73
Bahrain,2014,61828.68
Belarus,2013,1125432.85
Belarus,2012,1086494.69
Belarus,2011,1101929.56
Belarus,2010,1012562.21
Belarus,2009,860455.27
Belarus,2008,983252.58
Belarus,2007,1135382.22
Belarus,2006,699340.53
Belarus,2005,633493.05
Belarus,2004,518906.8
Belarus,2003,441494.69
Belarus,2002,410615.19
Belarus,2001,439465.93
Belarus,2000,418007.7
Belarus,1999,452169.72
Belarus,1998,359651.23
Belarus,1997,339482.69
Belarus,1996,409823.94
Belgium,2014,11779936.63
Belgium,2013,11222700.95
Belgium,2012,10863295.86
Belgium,2011,9729106.71
Belgium,2010,8765993.91
Belgium,2009,8068475.9
Belgium,2008,7799276.25
Belgium,2007,7168538.6
Belgium,2006,6715702.01
Belgium,2005,6171134.95
Belgium,2004,6029530.5
Belgium,2003,5901653.62
Belgium,2002,6010856.15
Belgium,2001,6070591.5
Belgium,2000,5574167.88
Belgium,1999,5012140.88
Belgium,1998,4622623.81
Belgium,1997,4444329.14
Belgium,1996,4092480.34
Bermuda,2013,7692.05
Bermuda,2012,7949.34
Bermuda,2011,9273.54
Bermuda,2010,8018.09
Bermuda,2009,8066.96
Bermuda,2008,7970.6
Bermuda,2007,7543.85
Bermuda,1997,1196.74
Bolivia,2009,78275.76
Bolivia,2002,87315.11
Bolivia,2001,89051.57
Bolivia,2000,83832.43
Bolivia,1999,82999.79
Bolivia,1998,80473.06
Bolivia,1997,81147.06
Bolivia,1996,78343.3
Bosnia and Herzegovina,2014,98587.14
Bosnia and Herzegovina,2013,119480.07
Bosnia and Herzegovina,2012,96985.67
Bosnia and Herzegovina,2009,7026.83
Bosnia and Herzegovina,2008,6224.14
Bosnia and Herzegovina,2007,7772.44
Bosnia and Herzegovina,2006,5542.51
Bosnia and Herzegovina,2005,6627.92
Bosnia and Herzegovina,2004,3549.88
Bosnia and Herzegovina,2003,3746.94
Botswana,2012,76706.55
Botswana,2005,101993.24
Brazil,2013,39704466.0
Brazil,2012,35462182.18
Brazil,2011,33904393.01
Brazil,2010,32514724.64
Brazil,2009,28848329.19
Brazil,2008,28943748.12
Brazil,2007,25891583.47
Brazil,2006,21717521.39
Brazil,2005,20547192.59
Brazil,2004,18548362.8
Brazil,2003,17709291.57
Brazil,2002,16770684.42
Brazil,2001,16940642.47
Brazil,2000,15834037.09
Brunei Darussalam,2004,8708.69
Brunei Darussalam,2003,4196.47
Brunei Darussalam,2002,3456.88
Bulgaria,2014,954477.82
Bulgaria,2013,742691.33
Bulgaria,2012,709737.23
Bulgaria,2011,614886.62
Bulgaria,2010,637047.19
Bulgaria,2009,548900.55
Bulgaria,2008,498847.2
Bulgaria,2007,429003.41
Bulgaria,2006,390568.82
Bulgaria,2005,347442.67
Bulgaria,2004,336348.3
Bulgaria,2003,310841.0
Bulgaria,2002,284510.98
Bulgaria,2001,248034.85
Bulgaria,2000,258642.85
Bulgaria,1999,257239.99
Bulgaria,1998,250463.42
Bulgaria,1997,211524.75
Bulgaria,1996,224724.63
Burkina Faso,2009,39701.35
Burkina Faso,2008,35644.75
Burkina Faso,2007,19342.93
Burkina Faso,2005,25108.08
Burkina Faso,2004,31755.93
Burkina Faso,2003,33153.61
Burkina Faso,2002,37655.17
Burkina Faso,2001,19997.84
Burkina Faso,1997,14144.32
Burkina Faso,1996,11439.53
Burundi,2011,8460.33
Burundi,2010,9024.55
Burundi,2009,9014.6
Burundi,2008,9236.67
Burundi,2007,11225.04
Cambodia,2002,7900.92
Canada,2014,25233624.11
Canada,2013,25543249.44
Canada,2012,26245238.55
Canada,2011,25674568.35
Canada,2010,25029920.4
Canada,2009,25028493.39
Canada,2008,24911899.8
Canada,2007,24741989.46
Canada,2006,24091524.43
Canada,2005,23089967.07
Canada,2004,21643016.38
Canada,2003,20133516.75
Canada,2002,19145341.42
Canada,2001,18967725.43
Canada,2000,16746641.47
Canada,1999,14810927.02
Canada,1998,13554135.66
Canada,1997,12173131.94
Canada,1996,11426681.0
Cape Verde,2011,2211.43
Chile,2014,1505442.01
Chile,2013,1510042.61
Chile,2012,1343655.67
Chile,2011,1232068.84
Chile,2010,1028149.37
Chile,2009,963990.56
Chile,2008,1026320.23
Chile,2007,861122.7
China,2014,368635860.47
China,2013,333521614.51
China,2012,292062932.98
China,2011,247808303.29
China,2010,213460101.84
China,2009,185266699.6
China,2008,146126571.34
China,2007,124187084.37
China,2006,105580576.56
China,2005,86827628.8
China,2004,70131697.43
China,2003,57137216.78
China,2002,48059901.2
China,2001,38547691.03
China,2000,33044547.25
China,1999,24987443.0
China,1998,19724400.37
China,1997,17862094.03
China,1996,14174650.75
Colombia,2014,1246949.35
Colombia,2013,1536808.33
Colombia,2012,1169283.28
Colombia,2011,1106890.9
Colombia,2010,959516.55
Colombia,2009,899142.96
Colombia,2008,884936.14
Colombia,2007,782686.27
Colombia,2006,604301.5
Colombia,2005,551014.79
Colombia,2004,509790.44
Colombia,2003,550583.77
Colombia,2002,333986.34
Colombia,2001,302850.9
Colombia,2000,282122.37
Colombia,1997,689534.55
Colombia,1996,716690.7
Costa Rica,2013,379435.76
Costa Rica,2012,367261.79
Costa Rica,2011,285072.35
Costa Rica,2010,272070.53
Costa Rica,2009,287174.93
Costa Rica,2008,211973.47
Costa Rica,2007,184978.63
Costa Rica,2006,197330.59
Costa Rica,2004,139600.59
Costa Rica,2003,124599.66
Costa Rica,2000,115368.61
Costa Rica,1999,94908.24
Costa Rica,1998,67025.46
Costa Rica,1997,69092.61
Costa Rica,1996,65946.46
Croatia,2014,710190.27
Croatia,2013,739806.01
Croatia,2012,676795.85
Croatia,2011,662517.69
Croatia,2010,624056.28
Croatia,2009,725388.82
Croatia,2008,802349.03
Croatia,2007,665051.78
Croatia,2006,559268.26
Croatia,2005,590424.21
Croatia,2004,670212.55
Croatia,2003,575831.57
Croatia,2002,536309.39
Croatia,2001,479747.78
Croatia,2000,510980.37
Croatia,1999,386629.27
Cuba,2013,1111624.44
Cuba,2012,914986.12
Cuba,2011,582719.61
Cuba,2010,1241072.65
Cuba,2009,1211687.38
Cuba,2008,965100.22
Cuba,2007,792056.23
Cuba,2006,727932.18
Cuba,2005,784110.62
Cuba,2004,749214.97
Cuba,2003,666622.08
Cuba,2002,610274.65
Cuba,2001,593458.9
Cuba,2000,476158.56
Cuba,1999,420879.49
Cuba,1998,426929.36
Cuba,1997,337965.74
Cuba,1996,279533.22
Cyprus,2014,124563.66
Cyprus,2013,124413.11
Cyprus,2012,120724.02
Cyprus,2011,128008.85
Cyprus,2010,127272.77
Cyprus,2009,124113.92
Cyprus,2008,107083.45
Cyprus,2007,98536.92
Cyprus,2006,86478.18
Cyprus,2005,74794.94
Cyprus,2004,63126.3
Cyprus,2003,54870.77
Cyprus,2002,45935.86
Cyprus,2001,37394.96
Cyprus,2000,32832.52
Cyprus,1999,28917.38
Cyprus,1998,25427.52
Czech Republic,2014,6383494.92
Czech Republic,2013,5812938.73
Czech Republic,2012,5387975.56
Czech Republic,2011,4683790.95
Czech Republic,2010,3796410.03
Czech Republic,2009,3660339.47
Czech Republic,2008,3496856.63
Czech Republic,2007,3586475.68
Czech Republic,2006,3084205.63
Czech Republic,2005,2664509.37
Czech Republic,2004,2455856.62
Czech Republic,2003,2300957.64
Czech Republic,2002,2063862.54
Czech Republic,2001,1993484.96
Czech Republic,2000,1864578.57
Czech Republic,1999,1672503.45
Czech Republic,1998,1645315.94
Czech Republic,1997,1531353.98
Czech Republic,1996,1360575.69
Democratic Republic of the Congo,2009,28390.19
Democratic Republic of the Congo,2008,29163.73
Democratic Republic of the Congo,2007,44077.46
Democratic Republic of the Congo,2006,17736.16
Democratic Republic of the Congo,2005,15505.23
Democratic Republic of the Congo,2004,65358.82
Denmark,2014,7814422.85
Denmark,2013,7583815.67
Denmark,2012,7371183.02
Denmark,2011,7157095.8
Denmark,2010,6811776.64
Denmark,2009,6717152.01
Denmark,2008,6235817.83
Denmark,2007,5311721.94
Denmark,2006,4857811.22
Denmark,2005,4418876.4
Denmark,2004,4336763.25
Denmark,2003,4231793.06
Denmark,2002,4147210.49
Denmark,2001,3767093.98
Denmark,1999,3118774.09
Denmark,1998,2832922.72
Denmark,1997,2566130.42
Denmark,1996,2327396.23
Ecuador,2011,512117.44
Ecuador,2010,551457.2
Ecuador,2009,515364.52
Ecuador,2008,293576.45
Ecuador,2007,156804.73
Ecuador,2006,145712.42
Ecuador,2003,49961.68
Ecuador,2002,46018.7
Ecuador,2001,40511.66
Ecuador,1998,48192.82
Ecuador,1997,44368.79
Ecuador,1996,49443.43
Egypt,2014,6401739.86
Egypt,2013,6167499.79
Egypt,2012,4749305.03
Egypt,2011,4485394.1
Egypt,2010,3519520.73
Egypt,2009,3304606.4
Egypt,2008,1954738.56
Egypt,2007,1688943.18
Egypt,2006,1559898.96
Egypt,2005,1320141.32
Egypt,2004,1368897.77
Egypt,2000,787750.69
Egypt,1999,708333.02
Egypt,1998,701885.97
Egypt,1997,662249.35
Egypt,1996,664210.58
El Salvador,2014,42945.23
El Salvador,2013,28443.67
El Salvador,2012,14553.72
El Salvador,2011,14313.01
El Salvador,2010,29643.05
El Salvador,2009,33277.82
El Salvador,2008,49510.75
El Salvador,2007,38097.47
El Salvador,1998,21662.01
Estonia,2014,508430.52
Estonia,2013,592191.39
Estonia,2012,706221.4
Estonia,2011,733450.73
Estonia,2010,444254.43
Estonia,2009,376399.63
Estonia,2008,379072.21
Estonia,2007,312941.3
Estonia,2006,290423.72
Estonia,2005,207225.39
Estonia,2004,170268.92
Estonia,2003,139295.65
Estonia,2002,116672.78
Estonia,2001,102394.24
Estonia,2000,81396.24
Estonia,1999,82469.79
Estonia,1998,67116.94
Ethiopia,2013,785944.82
Ethiopia,2010,222715.35
Ethiopia,2007,111769.34
Ethiopia,2005,89644.65
Finland,2014,6933039.49
Finland,2013,7175592.19
Finland,2012,7443943.96
Finland,2011,7892049.22
Finland,2010,7653066.8
Finland,2009,7514757.18
Finland,2008,7487875.82
Finland,2007,6637141.89
Finland,2006,6068159.94
Finland,2005,5601228.78
Finland,2004,5388683.74
Finland,2003,4959946.96
Finland,2002,4814678.78
Finland,2001,4568373.02
Finland,2000,4447529.96
Finland,1999,3867807.69
Finland,1998,3342994.73
Finland,1997,2910832.01
Finland,1996,2493856.61
France,2014,58023352.72
France,2013,55594073.46
France,2012,54511004.37
France,2011,53428391.07
France,2010,50729963.93
France,2009,49757013.16
France,2008,46547843.61
France,2007,44015913.92
France,2006,42013009.21
France,2005,39235687.19
France,2004,37986289.11
France,2003,36913784.78
France,2002,38152927.72
France,2001,35822407.3
France,2000,32978197.5
France,1999,30762850.67
France,1998,29267958.56
France,1997,28475472.08
France,1996,28153239.22
Gabon,2009,128466.26
Gabon,2008,114638.82
Gabon,2007,94485.29
Gambia,2011,3543.77
Gambia,2009,445.05
Gambia,2008,483.96
Georgia,2014,33613.0
Georgia,2013,26882.11
Georgia,2005,32340.55
Georgia,2004,39536.1
Georgia,2003,32389.57
Georgia,2002,24407.58
Georgia,2001,29262.83
Georgia,2000,24645.84
Georgia,1999,31618.42
Georgia,1998,37234.25
Georgia,1997,34570.17
Georgia,1996,29718.51
Germany,2014,106276740.25
Germany,2013,100441436.1
Germany,2012,100699044.82
Germany,2011,96369701.0
Germany,2010,87905422.92
Germany,2009,82900307.98
Germany,2008,81970625.31
Germany,2007,74023127.27
Germany,2006,70228946.53
Germany,2005,64298818.17
Germany,2004,61330900.94
Germany,2003,59527499.75
Germany,2002,56657055.68
Germany,2001,54453382.37
Germany,2000,52375409.35
Germany,1999,49431523.68
Germany,1998,45167080.24
Germany,1997,43258609.55
Germany,1996,41454819.9
Ghana,2010,276671.79
Ghana,2007,132507.08
Greece,2014,2377453.52
Greece,2013,2273890.14
Greece,2012,1945393.43
Greece,2011,1986886.02
Greece,2010,1927317.55
Greece,2009,2130452.17
Greece,2008,2284659.28
Greece,2007,1866966.14
Greece,2006,1749593.23
Greece,2005,1615498.92
Greece,2004,1469149.12
Greece,2003,1421725.01
Greece,2001,1269843.64
Greece,1999,1116952.29
Greece,1997,781014.28
Guatemala,2012,47955.73
Guatemala,2011,49254.37
Guatemala,2010,41866.66
Guatemala,2009,51111.46
Guatemala,2008,56471.36
Guatemala,2007,57832.9
Guatemala,2006,39141.77
Guatemala,2005,25583.92
Honduras,2004,9214.25
Honduras,2003,8563.09
Honduras,2002,7964.77
Honduras,2001,6933.52
Honduras,2000,7664.05
Hong Kong Special Administrative Region of China,2013,2800278.42
Hong Kong Special Administrative Region of China,2012,2666960.36
Hong Kong Special Administrative Region of China,2011,2553211.11
Poland,2009,4864696.13
Hong Kong Special Administrative Region of China,2010,2481331.93
Hong Kong Special Administrative Region of China,2009,2369421.72
Hong Kong Special Administrative Region of China,2008,2244190.96
Hong Kong Special Administrative Region of China,2007,2249912.99
Hong Kong Special Administrative Region of China,2006,2176473.66
Hong Kong Special Administrative Region of China,2005,1920091.04
Hong Kong Special Administrative Region of China,2004,1616526.37
Hong Kong Special Administrative Region of China,2003,1364156.42
Hong Kong Special Administrative Region of China,2002,1109315.02
Hong Kong Special Administrative Region of China,2001,991538.5
Hong Kong Special Administrative Region of China,2000,835503.01
Hong Kong Special Administrative Region of China,1999,746924.32
Hong Kong Special Administrative Region of China,1998,671622.14
Hungary,2014,3341616.08
Hungary,2013,3249568.53
Hungary,2012,2842691.87
Hungary,2011,2696154.46
Hungary,2010,2472569.2
Hungary,2009,2382735.92
Hungary,2008,2058173.77
Hungary,2007,1870885.4
Hungary,2006,1852990.15
Hungary,2005,1615660.81
Hungary,2004,1437737.78
Hungary,2003,1460558.59
Hungary,2002,1492606.78
Hungary,2001,1271341.08
Hungary,2000,977333.9
Hungary,1999,773583.99
Hungary,1998,728347.84
Hungary,1997,725781.71
Hungary,1996,613691.24
Iceland,2014,268226.66
Iceland,2013,254615.87
Iceland,2011,314837.0
Iceland,2009,337938.89
Iceland,2008,333590.17
Iceland,2007,310620.92
Iceland,2006,326407.39
Iceland,2005,287075.62
Iceland,2003,251402.11
Iceland,2002,263812.11
Iceland,2001,256327.65
Iceland,2000,216566.94
Iceland,1999,182238.86
Iceland,1998,152354.67
Iceland,1997,129541.12
India,2011,48062976.43
India,2010,42813386.79
India,2009,39401934.65
India,2008,37028484.67
India,2007,32866167.79
India,2006,29393347.25
India,2005,26532114.35
India,2004,21588525.84
India,2003,18500988.43
India,2002,16966590.35
India,2001,16324908.26
India,2000,15662820.67
India,1999,14107657.61
India,1998,12407114.72
India,1997,11278231.63
India,1996,9917613.23
Indonesia,2013,2131880.36
Indonesia,2009,1552984.82
Indonesia,2001,490823.9
Indonesia,2000,658975.25
"Iran, Islamic Republic of",2012,4170385.42
"Iran, Islamic Republic of",2010,3537744.32
"Iran, Islamic Republic of",2009,3360631.14
"Iran, Islamic Republic of",2008,7690472.87
"Iran, Islamic Republic of",2006,5723485.4
"Iran, Islamic Republic of",2005,5853587.04
"Iran, Islamic Republic of",2004,4427604.99
"Iran, Islamic Republic of",2003,4706713.26
"Iran, Islamic Republic of",2002,3538907.88
"Iran, Islamic Republic of",2001,3267815.86
Iraq,2014,205443.43
Iraq,2011,146268.91
Iraq,2010,141227.92
Iraq,2009,162347.57
Iraq,2008,117381.13
Iraq,2007,140997.08
Ireland,2014,3415885.28
Ireland,2013,3312092.27
Ireland,2012,3284068.75
Ireland,2011,3203837.06
Ireland,2010,3166450.98
Ireland,2009,3066687.74
Ireland,2008,2738323.82
Ireland,2007,2537583.79
Ireland,2006,2253794.62
Ireland,2005,2009435.44
Ireland,2004,1830080.18
Ireland,2003,1616303.65
Ireland,2002,1430224.98
Ireland,2001,1294014.16
Ireland,2000,1223101.95
Ireland,1999,1148996.35
Ireland,1998,1101045.51
Ireland,1997,1009944.31
Ireland,1996,924093.63
Israel,2014,11216027.52
Israel,2013,10773767.36
Israel,2012,10426216.87
Israel,2011,9523411.17
Israel,2010,8669611.0
Israel,2009,8506846.33
Israel,2008,8706365.45
Israel,2007,8748694.58
Israel,2006,7501015.44
Israel,2005,6966300.48
Israel,2004,6656090.08
Israel,2003,6204189.04
Israel,2002,6845659.25
Israel,2001,6719333.2
Israel,2000,6154431.9
Israel,1999,4606591.66
Israel,1998,3840220.41
Israel,1997,3514342.63
Israel,1996,3057168.41
Italy,2014,27397077.78
Italy,2013,27544033.75
Italy,2012,26849649.82
Italy,2011,25769282.8
Italy,2010,25151550.88
Italy,2009,24648790.98
Italy,2008,24076139.87
Italy,2007,22317267.69
Italy,2006,20207219.05
Italy,2005,17999044.59
Italy,2004,17482930.27
Italy,2003,17321780.01
Italy,2002,17268870.14
Italy,2001,16811987.72
Italy,2000,15256364.42
Italy,1999,14081084.05
Italy,1998,14150336.82
Italy,1997,13207886.71
Italy,1996,12224423.78
Jamaica,2002,10924.33
Jamaica,2001,8581.22
Japan,2014,165981282.14
Japan,2013,160246831.75
Japan,2012,151810010.03
Japan,2011,148389229.83
Japan,2010,140607427.41
Japan,2009,136953956.73
Japan,2008,148719234.39
Japan,2007,147602227.47
Japan,2006,138564851.36
Japan,2005,128694561.19
Japan,2004,117597893.77
Japan,2003,112192262.16
Japan,2002,108166224.95
Japan,2001,103825762.3
Japan,2000,98757998.27
Japan,1999,92773730.04
Japan,1998,91030894.43
Japan,1997,87778407.59
Japan,1996,83065365.25
Jordan,2008,263285.68
Jordan,2002,114020.57
Kazakhstan,2013,691386.13
Kazakhstan,2012,620829.77
Kazakhstan,2011,540741.2
Kazakhstan,2010,480856.86
Kazakhstan,2009,661591.34
Kazakhstan,2008,612879.07
Kazakhstan,2007,561184.37
Kazakhstan,2006,583610.03
Kazakhstan,2005,597425.35
Kazakhstan,2004,462073.2
Kazakhstan,2003,417073.52
Kazakhstan,2002,378021.43
Kazakhstan,2001,292545.39
Kazakhstan,2000,207298.83
Kazakhstan,1999,187441.67
Kazakhstan,1998,215510.72
Kazakhstan,1997,289298.12
Kenya,2010,788176.89
Kenya,2007,305242.83
Kuwait,2013,830461.54
Kuwait,2012,260791.86
Kuwait,2011,244664.79
Kuwait,2010,223992.11
Kuwait,2009,250807.71
Kuwait,2008,204136.21
Kuwait,2007,196160.93
Kuwait,2006,178029.26
Kuwait,2005,191036.99
Kuwait,2004,216951.11
Kuwait,2003,210226.81
Kuwait,2002,220437.31
Kuwait,2001,209381.9
Kuwait,2000,142553.18
Kuwait,1999,209781.17
Kuwait,1998,274573.74
Kuwait,1997,208640.02
Kyrgyzstan,2014,24507.49
Kyrgyzstan,2013,27500.24
Kyrgyzstan,2012,27208.44
Kyrgyzstan,2011,25179.19
Kyrgyzstan,2010,23153.73
Kyrgyzstan,2009,23648.79
Kyrgyzstan,2008,27118.08
Kyrgyzstan,2007,30222.84
Kyrgyzstan,2006,26646.14
Kyrgyzstan,2005,21639.08
Kyrgyzstan,2004,21069.32
Kyrgyzstan,2003,21415.41
Kyrgyzstan,2002,17448.71
Kyrgyzstan,2001,14914.18
Kyrgyzstan,2000,12594.8
Kyrgyzstan,1999,13439.85
Kyrgyzstan,1998,14950.98
Kyrgyzstan,1997,13332.19
Lao People's Democratic Republic,2002,4288.78
Latvia,2014,314301.1
Latvia,2013,271937.8
Latvia,2012,281884.53
Latvia,2011,279896.23
Latvia,2010,223095.93
Latvia,2009,165356.64
Latvia,2008,251970.11
Latvia,2007,232215.02
Latvia,2006,240212.15
Latvia,2005,167595.0
Latvia,2004,113434.08
Latvia,2003,93527.19
Latvia,2002,96699.73
Latvia,2001,85104.01
Latvia,2000,84323.27
Latvia,1999,64452.91
Latvia,1998,68539.98
Latvia,1997,60969.75
Latvia,1996,60257.58
Lesotho,2011,599.3
Lesotho,2009,1192.11
Lesotho,2004,1982.52
Lesotho,2003,1428.92
Lesotho,2002,1289.28
Lithuania,2014,794931.43
Lithuania,2013,723290.47
Lithuania,2012,644460.47
Lithuania,2011,617233.72
Lithuania,2010,487054.84
Lithuania,2009,479801.86
Lithuania,2008,524415.49
Lithuania,2007,498947.04
Lithuania,2006,433064.43
Lithuania,2005,364596.27
Lithuania,2004,336018.93
Lithuania,2003,278999.47
Lithuania,2002,242670.26
Lithuania,2001,223607.6
Lithuania,2000,178002.66
Lithuania,1999,141834.03
Lithuania,1998,154299.02
Lithuania,1997,140196.93
Lithuania,1996,117594.67
Luxembourg,2014,682151.88
Luxembourg,2013,661651.93
Luxembourg,2012,624900.38
Luxembourg,2011,705873.94
Luxembourg,2010,654530.16
Luxembourg,2009,683894.5
Luxembourg,2008,682828.86
Luxembourg,2007,639928.69
Luxembourg,2006,616607.81
Luxembourg,2005,495332.12
Luxembourg,2004,485392.16
Luxembourg,2003,452726.83
Luxembourg,2000,387387.29
Macao Special Administrative Region of China,2014,70120.52
Macao Special Administrative Region of China,2013,41055.78
Macao Special Administrative Region of China,2012,34225.51
Macao Special Administrative Region of China,2011,28504.57
Macao Special Administrative Region of China,2010,25810.95
Macao Special Administrative Region of China,2009,21946.25
Macao Special Administrative Region of China,2008,40077.17
Macao Special Administrative Region of China,2007,21531.66
Macao Special Administrative Region of China,2006,26742.96
Macao Special Administrative Region of China,2005,24201.87
Macao Special Administrative Region of China,2004,13257.83
Macao Special Administrative Region of China,2003,11914.74
Macao Special Administrative Region of China,2002,11688.55
Macao Special Administrative Region of China,2001,9467.03
Madagascar,2014,5299.24
Madagascar,2011,31483.85
Madagascar,2010,32519.49
Madagascar,2009,41545.3
Madagascar,2008,39214.76
Madagascar,2007,37597.93
Madagascar,2006,40203.72
Madagascar,2005,39819.1
Madagascar,2004,46967.21
Madagascar,2003,65747.89
Madagascar,2002,42599.28
Madagascar,2001,42700.88
Madagascar,2000,21612.64
Madagascar,1999,16168.92
Madagascar,1998,17505.02
Madagascar,1997,33240.04
Malaysia,2014,9679577.04
Malaysia,2012,7329942.61
Malaysia,2011,6456645.21
Malaysia,2010,6023453.81
Malaysia,2009,5400030.67
Malaysia,2008,4248102.8
Malaysia,2006,2822469.45
Malaysia,2004,2341872.4
Malaysia,2002,2151764.16
Malaysia,2000,1405752.09
Malaysia,1998,994040.07
Malaysia,1996,528985.36
Mali,2010,153368.38
Mali,2007,47070.85
Malta,2014,111243.75
Malta,2013,109081.49
Malta,2012,105939.32
Malta,2011,83703.86
Malta,2010,75702.9
Malta,2009,58055.66
Malta,2008,58340.44
Malta,2007,55616.7
Malta,2006,55647.47
Malta,2005,48017.49
Malta,2004,42354.11
Malta,2003,19862.12
Malta,2002,19926.92
Mauritius,2012,38570.32
Mauritius,2005,51896.9
Mauritius,2004,50600.34
Mauritius,2003,41504.85
Mauritius,2002,43404.63
Mauritius,2001,41299.56
Mauritius,2000,30856.84
Mauritius,1999,30051.52
Mauritius,1998,24058.25
Mauritius,1997,23912.71
Mexico,2014,11543137.08
Mexico,2013,10020310.8
Mexico,2012,8497994.33
Mexico,2011,8058470.64
Mexico,2010,7863672.42
Mexico,2009,7008035.44
Mexico,2008,6626572.86
Mexico,2007,5717113.06
Mexico,2006,5462067.41
Mexico,2005,5346150.94
Mexico,2004,4778963.24
Mexico,2003,4401936.11
Mexico,2002,4171254.94
Mexico,2001,3634889.16
Mexico,2000,3362819.98
Mexico,1999,3505009.52
Mexico,1998,2923544.36
Mexico,1997,2514198.13
Mexico,1996,2081422.41
Moldova,2014,65834.15
Moldova,2013,59140.98
Moldova,2012,62762.21
Moldova,2011,60253.47
Moldova,2010,60254.33
Moldova,2009,66413.95
Moldova,2008,71322.22
Moldova,2007,66238.63
Moldova,2006,46610.35
Moldova,2005,42346.85
Moldova,2004,33417.75
Moldova,2003,28113.0
Moldova,1997,55990.4
Moldova,1996,58624.48
Mongolia,2014,79015.17
Mongolia,2013,74078.77
Mongolia,2012,67058.87
Mongolia,2011,56543.83
Mongolia,2010,50066.99
Mongolia,2009,57997.91
Mongolia,2008,64400.19
Mongolia,2007,41046.61
Mongolia,2006,29103.73
Mongolia,2005,32342.32
Mongolia,2004,32903.27
Mongolia,2003,27220.42
Mongolia,2002,24934.61
Mongolia,2001,24915.95
Mongolia,2000,16592.31
Mongolia,1999,12840.0
Mongolia,1998,13599.13
Mongolia,1997,13130.36
Montenegro,2014,32380.26
Montenegro,2013,33218.19
Montenegro,2011,35681.68
Montenegro,2007,88337.95
Montenegro,2006,80409.18
Montenegro,2005,47731.47
Montenegro,2004,48909.74
Montenegro,2003,35704.1
Morocco,2010,1483609.24
Morocco,2006,1050104.68
Morocco,2003,856421.86
Morocco,2002,658528.39
Morocco,2001,725056.12
Morocco,1998,279647.61
Mozambique,2010,92023.4
Mozambique,2008,28784.64
Mozambique,2006,71256.11
Mozambique,2002,43123.99
Namibia,2010,25517.75
Nepal,2010,158904.45
Nepal,2009,128482.09
Nepal,2008,25591.09
Netherlands,2014,15847722.43
Netherlands,2013,15377449.45
Netherlands,2012,15070955.99
Netherlands,2011,14736566.99
Netherlands,2010,12822172.99
Netherlands,2009,12370153.79
Netherlands,2008,12467827.26
Netherlands,2007,12062132.46
Netherlands,2006,11727497.9
Netherlands,2005,10904375.81
Netherlands,2004,10420025.29
Netherlands,2003,9883094.7
Netherlands,2002,9697962.84
Netherlands,2001,9554762.42
Netherlands,2000,9068144.47
Netherlands,1999,8429803.09
Netherlands,1998,7578097.57
Netherlands,1997,7475959.77
Netherlands,1996,6978546.17
New Zealand,2013,1828483.48
New Zealand,2011,1766588.26
New Zealand,2009,1655438.76
New Zealand,2007,1431254.74
New Zealand,2005,1189315.96
New Zealand,2003,1108650.71
New Zealand,2001,962622.1
New Zealand,1999,760723.8
New Zealand,1997,760116.88
Nicaragua,2002,5209.33
Nicaragua,1997,7430.11
Nigeria,2007,1374848.31
Norway,2014,5697317.43
Norway,2013,5513825.85
Norway,2012,5396201.62
Norway,2011,5057414.05
Norway,2010,4743833.69
Norway,2009,4676887.27
Norway,2008,4630523.17
Norway,2007,4190107.46
Norway,2006,3713456.09
Norway,2005,3315857.04
Norway,2004,3064505.47
Norway,2003,2990944.07
Norway,2002,2792174.32
Norway,2001,2664197.75
Norway,1999,2178077.13
Norway,1997,2000318.08
Oman,2013,267836.74
Oman,2012,311117.95
Oman,2011,186067.77
Pakistan,2013,2454285.12
Pakistan,2011,2471085.66
Pakistan,2009,3118571.47
Pakistan,2007,4097346.29
Pakistan,2005,2402903.92
Pakistan,2002,921938.25
Pakistan,2001,667233.52
Pakistan,2000,492241.58
Pakistan,1999,417065.53
Pakistan,1998,373350.55
Pakistan,1997,513411.35
Panama,2013,49785.06
Panama,2012,54751.74
Panama,2011,109671.25
Panama,2010,79405.84
Panama,2009,69341.37
Panama,2008,92328.35
Panama,2007,78868.94
Panama,2006,93187.89
Panama,2005,82066.98
Panama,2004,72459.36
Panama,2003,92991.35
Panama,2002,93244.67
Panama,2001,94700.9
Panama,2000,92548.06
Panama,1999,66088.36
Panama,1998,61987.76
Panama,1997,63471.39
Panama,1996,60768.33
Paraguay,2012,41863.19
Paraguay,2011,26783.47
Paraguay,2008,21910.17
Paraguay,2005,23644.11
Paraguay,2004,21767.44
Paraguay,2003,20068.71
Paraguay,2002,22446.76
Paraguay,2001,19265.56
Peru,2004,263124.75
Peru,2003,168313.43
Peru,2002,157286.77
Peru,2001,153907.66
Peru,2000,152821.12
Peru,1999,127487.22
Peru,1998,126574.41
Peru,1997,104889.55
Philippines,2013,884667.75
Philippines,2011,637624.48
Philippines,2009,537597.9
Philippines,2007,477843.63
Philippines,2005,409072.8
Philippines,2003,402342.81
Philippines,2002,397461.47
Poland,2014,8842431.33
Poland,2013,7918125.53
Poland,2012,7827429.95
Poland,2011,6394701.13
Poland,2010,5722561.1
Poland,2008,4150906.81
Poland,2007,3620719.22
Poland,2006,3197282.79
Poland,2005,2982425.92
Poland,2004,2770786.27
Poland,2003,2479360.42
Poland,2002,2472248.71
Poland,2001,2612044.22
Poland,2000,2606295.63
Poland,1999,2638078.91
Poland,1998,2414542.11
Poland,1997,2213893.32
Poland,1996,2033549.82
Portugal,2014,3794031.7
Portugal,2013,3835412.25
Portugal,2012,3911551.73
Portugal,2011,4142361.86
Portugal,2010,4362847.16
Portugal,2009,4376952.3
Portugal,2008,3981884.11
Portugal,2007,2989850.11
Portugal,2006,2399218.06
Portugal,2005,1755164.91
Portugal,2004,1551089.69
Portugal,2003,1446191.62
Portugal,2002,1453201.26
Portugal,2001,1472360.07
Portugal,2000,1324949.7
Portugal,1999,1169430.63
Portugal,1998,1003587.12
Portugal,1997,857971.68
Portugal,1996,785088.68
Puerto Rico,2013,547345.21
Puerto Rico,2009,575154.0
Qatar,2012,1282065.72
Republic of Korea,2014,74346214.62
Republic of Korea,2013,68937037.03
Republic of Korea,2012,64458180.69
Republic of Korea,2011,58379654.15
Republic of Korea,2010,52172793.27
Republic of Korea,2009,45987242.12
Republic of Korea,2008,43906412.74
Republic of Korea,2007,40640265.81
Republic of Korea,2006,35413064.52
Republic of Korea,2005,30618325.64
Republic of Korea,2004,27942353.66
Republic of Korea,2003,24071712.51
Republic of Korea,2002,22506775.68
Republic of Korea,2001,21284912.52
Republic of Korea,2000,18541715.03
Republic of Korea,1999,15792638.79
Republic of Korea,1998,14636911.68
Republic of Korea,1997,16335259.8
Republic of Korea,1996,14889066.97
Romania,2014,1480944.92
Romania,2013,1480718.07
Romania,2012,1778827.06
Romania,2011,1751162.43
Romania,2010,1516475.0
Romania,2009,1487584.26
Romania,2008,1866640.66
Romania,2007,1439693.52
Romania,2006,1092809.33
Romania,2005,831798.96
Romania,2004,732521.89
Romania,2003,645078.23
Romania,2002,579822.28
Romania,2001,559122.41
Romania,2000,468494.34
Romania,1999,482885.17
Romania,1998,589154.05
Romania,1997,718789.61
Romania,1996,914522.12
Russian Federation,2014,44451499.35
Russian Federation,2013,40694500.72
Russian Federation,2012,38787928.84
Russian Federation,2011,35192076.69
Russian Federation,2010,33093513.99
Russian Federation,2009,34654584.59
Russian Federation,2008,30058385.65
Russian Federation,2007,26535660.36
Russian Federation,2006,22893871.14
Russian Federation,2005,18120510.85
Russian Federation,2004,16970800.58
Russian Federation,2003,17213743.72
Russian Federation,2002,14558089.37
Russian Federation,2001,12657919.3
Russian Federation,2000,10504505.12
Russian Federation,1999,8673942.05
Russian Federation,1998,7691101.38
Russian Federation,1997,8795843.2
Russian Federation,1996,7894028.77
Saint Lucia,1999,4253.83
Saint Lucia,1998,8602.72
Saint Vincent and the Grenadines,2002,872.88
Saint Vincent and the Grenadines,2001,289.48
Saudi Arabia,2009,842682.95
Saudi Arabia,2008,548682.37
Saudi Arabia,2007,457757.81
Saudi Arabia,2006,394963.41
Saudi Arabia,2005,361680.52
Saudi Arabia,2004,410463.42
Saudi Arabia,2003,431273.95
Senegal,2010,150174.3
Senegal,2008,93975.63
Serbia,2014,700176.79
Serbia,2013,677968.7
Serbia,2012,836074.29
Serbia,2011,658804.43
Serbia,2010,640646.27
Serbia,2009,748598.26
Serbia,2008,326144.07
Serbia,2007,270351.88
Serbia,2006,342350.83
Serbia,2005,274824.06
Serbia,2004,184249.9
Serbia,2003,281623.34
Serbia,2002,344656.17
Serbia,2001,149785.64
Serbia,2000,390004.41
Serbia,1999,392924.23
Serbia,1998,353996.42
Serbia,1997,321703.3
Seychelles,2005,3969.88
Seychelles,2004,4047.96
Seychelles,2003,4818.67
Seychelles,2002,4962.05
Seychelles,2001,5044.08
Singapore,2014,9894803.69
Singapore,2013,8672661.12
Singapore,2012,8177680.01
Singapore,2011,8355170.94
Singapore,2010,7214612.66
Singapore,2009,6634392.31
Singapore,2008,8040400.89
Singapore,2007,6908245.2
Singapore,2006,5629647.5
Singapore,2005,5081703.07
Singapore,2004,4461400.05
Singapore,2003,3816196.62
Singapore,2002,3656419.55
Singapore,2001,3376540.55
Singapore,2000,3004473.85
Singapore,1999,2689800.18
Singapore,1998,2388743.4
Singapore,1997,1968399.99
Singapore,1996,1665051.02
Slovakia,2014,1330702.26
Slovakia,2013,1190626.64
Slovakia,2012,1127522.95
Slovakia,2011,903472.99
Slovakia,2010,816112.16
Slovakia,2009,592782.0
Slovakia,2008,594115.15
Slovakia,2007,517937.12
Slovakia,2006,482440.82
Slovakia,2005,440055.83
Slovakia,2004,403926.12
Slovakia,2003,420258.16
Slovakia,2002,398305.73
Slovakia,2001,411700.18
Slovakia,2000,384495.19
Slovakia,1999,368154.52
Slovakia,1998,434143.64
Slovakia,1997,564669.65
Slovakia,1996,442074.31
Slovenia,2014,1474592.27
Slovenia,2013,1537841.35
Slovenia,2012,1508920.5
Slovenia,2011,1418613.36
Slovenia,2010,1162926.87
Slovenia,2009,1019331.99
Slovenia,2008,972573.37
Slovenia,2007,795387.01
Slovenia,2006,796322.91
Slovenia,2005,674890.41
Slovenia,2004,620049.04
Slovenia,2003,520499.54
Slovenia,2002,577592.08
Slovenia,2001,549447.59
Slovenia,2000,482392.54
Slovenia,1999,451045.56
Slovenia,1998,413081.26
Slovenia,1997,373410.5
Slovenia,1996,353750.61
South Africa,2012,4824167.97
South Africa,2011,4652174.13
South Africa,2010,4433254.8
South Africa,2009,4819107.15
South Africa,2008,5162902.52
South Africa,2007,4877745.46
South Africa,2006,4587631.32
South Africa,2005,4051187.96
South Africa,2004,3513018.63
South Africa,2003,3057666.96
South Africa,2001,2602982.78
South Africa,1997,1794813.0
Spain,2014,18977658.9
Spain,2013,19133196.29
Spain,2012,19452867.68
Spain,2011,20149090.8
Spain,2010,20336224.48
Spain,2009,20554768.36
Spain,2008,20414943.71
Spain,2007,18316538.38
Spain,2006,16070316.37
Spain,2005,13330794.04
Spain,2004,11787566.46
Spain,2003,10925280.61
Spain,2002,9808491.69
Spain,2001,8421951.16
Spain,2000,7794403.94
Spain,1999,6817907.36
Spain,1998,6554741.99
Spain,1997,5610418.49
Spain,1996,5364687.17
Sri Lanka,2013,219512.13
Sri Lanka,2010,231028.04
Sri Lanka,2008,169359.26
Sri Lanka,2006,217653.22
Sri Lanka,2004,186962.89
Sri Lanka,2000,118738.95
Sri Lanka,1996,115168.4
Sudan,2005,281296.26
Sudan,2004,251345.1
Sudan,2003,270464.89
Sudan,2002,286174.21
Sudan,2001,299528.48
Sudan,2000,290922.58
Sudan,1999,299894.13
Sweden,2014,13838510.63
Sweden,2013,14151280.81
Sweden,2012,13703194.5
Sweden,2011,13419712.99
Sweden,2010,12585382.43
Sweden,2009,12724770.12
Sweden,2008,13496068.07
Sweden,2007,12085012.43
Sweden,2006,11949286.12
Sweden,2005,10499908.99
Sweden,2004,10452087.3
Sweden,2003,10381040.05
Sweden,2001,10379487.01
Sweden,1999,8239057.82
Sweden,1997,7200851.36
Switzerland,2012,13251395.66
Switzerland,2008,10525201.08
Switzerland,2004,7471637.72
Switzerland,2000,5768751.69
Switzerland,1996,5151013.91
Tajikistan,2013,24268.93
Tajikistan,2012,21604.23
Tajikistan,2011,21000.04
Tajikistan,2010,14057.8
Tajikistan,2009,12546.9
Tajikistan,2008,9766.71
Tajikistan,2007,8617.33
Tajikistan,2006,12328.61
Tajikistan,2005,9968.96
Tajikistan,2004,6334.32
Tajikistan,2003,5749.8
Tajikistan,2002,5210.47
Tajikistan,2001,5866.1
Thailand,2014,5145682.45
Thailand,2011,3303857.92
Thailand,2009,1914094.73
Thailand,2007,1578901.08
Thailand,2006,1690479.23
Thailand,2005,1469674.89
Thailand,2004,1487737.17
Thailand,2003,1402590.83
Thailand,2002,1205606.08
Thailand,2001,1224141.45
Thailand,2000,1122167.2
Thailand,1999,1066081.01
Thailand,1997,442281.78
Thailand,1996,521721.37
The former Yugoslav Republic of Macedonia,2013,113956.87
The former Yugoslav Republic of Macedonia,2012,80287.33
The former Yugoslav Republic of Macedonia,2011,53571.61
The former Yugoslav Republic of Macedonia,2010,52072.34
The former Yugoslav Republic of Macedonia,2009,45820.21
The former Yugoslav Republic of Macedonia,2008,49587.97
The former Yugoslav Republic of Macedonia,2007,33917.5
The former Yugoslav Republic of Macedonia,2006,36335.3
The former Yugoslav Republic of Macedonia,2004,34189.97
The former Yugoslav Republic of Macedonia,2003,28635.04
The former Yugoslav Republic of Macedonia,2002,31653.48
The former Yugoslav Republic of Macedonia,2001,37240.15
The former Yugoslav Republic of Macedonia,2000,52629.11
The former Yugoslav Republic of Macedonia,1999,38371.07
The former Yugoslav Republic of Macedonia,1998,45317.95
The former Yugoslav Republic of Macedonia,1997,37910.32
Togo,2014,27400.2
Togo,2012,19621.31
Togo,2010,19514.87
Trinidad and Tobago,2014,33842.41
Trinidad and Tobago,2013,22041.59
Trinidad and Tobago,2012,18811.28
Trinidad and Tobago,2011,16658.95
Trinidad and Tobago,2010,19559.82
Trinidad and Tobago,2009,21805.98
Trinidad and Tobago,2008,12271.95
Trinidad and Tobago,2007,17393.04
Trinidad and Tobago,2006,19476.49
Trinidad and Tobago,2005,28378.36
Trinidad and Tobago,2004,30728.04
Trinidad and Tobago,2003,27955.52
Trinidad and Tobago,2002,27521.33
Trinidad and Tobago,2001,22838.67
Trinidad and Tobago,2000,22989.11
Trinidad and Tobago,1999,20364.29
Trinidad and Tobago,1998,19206.11
Trinidad and Tobago,1997,15966.77
Trinidad and Tobago,1996,13028.22
Tunisia,2014,806117.48
Tunisia,2013,797935.17
Tunisia,2012,786760.02
Tunisia,2011,771790.74
Tunisia,2010,752062.57
Tunisia,2009,734616.15
Tunisia,2008,640395.16
Tunisia,2007,627145.63
Tunisia,2006,582590.4
Tunisia,2005,564565.84
Tunisia,2004,542643.64
Tunisia,2003,442364.19
Tunisia,2002,345826.34
Turkey,2014,14682496.26
Turkey,2013,13315098.87
Turkey,2012,12430838.56
Turkey,2011,11245519.85
Turkey,2010,9852514.05
Turkey,2009,8867130.96
Turkey,2008,7744475.65
Turkey,2007,7048760.11
Turkey,2006,5195492.79
Turkey,2005,4617452.81
Turkey,2004,3569081.52
Turkey,2003,2845087.02
Turkey,2002,3008860.3
Turkey,2001,3019170.55
Turkey,2000,2824769.33
Turkey,1999,2421323.31
Turkey,1998,1985059.95
Turkey,1997,1867420.05
Turkey,1996,1565277.58
Uganda,2010,240003.18
Uganda,2009,170181.87
Uganda,2008,143120.03
Uganda,2007,153613.43
Uganda,2006,106776.2
Uganda,2005,66983.7
Uganda,2004,73916.14
Uganda,2003,66204.87
Uganda,2002,87490.85
Ukraine,2014,2440766.87
Ukraine,2013,2984913.28
Ukraine,2012,2902189.58
Ukraine,2011,2792812.6
Ukraine,2010,2929544.96
Ukraine,2009,2862636.42
Ukraine,2008,3295674.2
Ukraine,2007,3184795.73
Ukraine,2006,3198212.82
Ukraine,2005,3561753.78
Ukraine,2004,3108661.24
Ukraine,2003,2774442.84
Ukraine,2002,2232431.82
Ukraine,2001,2142537.1
Ukraine,2000,1803655.57
Ukraine,1999,1678349.34
Ukraine,1998,1827606.24
Ukraine,1997,2053781.24
United Arab Emirates,2014,4304276.72
United Arab Emirates,2011,2461027.1
United Kingdom of Great Britain and Northern Ireland,2014,43623895.7
United Kingdom of Great Britain and Northern Ireland,2013,41336062.82
United Kingdom of Great Britain and Northern Ireland,2012,38851796.06
United Kingdom of Great Britain and Northern Ireland,2011,39132640.81
United Kingdom of Great Britain and Northern Ireland,2010,38139302.06
United Kingdom of Great Britain and Northern Ireland,2009,39432831.72
United Kingdom of Great Britain and Northern Ireland,2008,39396922.15
United Kingdom of Great Britain and Northern Ireland,2007,38734968.16
United Kingdom of Great Britain and Northern Ireland,2006,37045711.81
United Kingdom of Great Britain and Northern Ireland,2005,34080666.74
United Kingdom of Great Britain and Northern Ireland,2004,32024400.93
United Kingdom of Great Britain and Northern Ireland,2003,31093647.7
United Kingdom of Great Britain and Northern Ireland,2002,30635711.98
United Kingdom of Great Britain and Northern Ireland,2001,29193794.04
United Kingdom of Great Britain and Northern Ireland,2000,27872777.56
United Kingdom of Great Britain and Northern Ireland,1999,25938548.43
United Kingdom of Great Britain and Northern Ireland,1998,23944529.92
United Kingdom of Great Britain and Northern Ireland,1997,23071195.71
United Kingdom of Great Britain and Northern Ireland,1996,22346856.38
United Republic of Tanzania,2013,622700.75
United Republic of Tanzania,2010,348663.75
United Republic of Tanzania,2007,253325.46
United States of America,2013,456977000.0
United States of America,2012,436078000.0
United States of America,2011,428745000.0
United States of America,2010,410093000.0
United States of America,2009,406405000.0
United States of America,2008,407238000.0
United States of America,2007,380316000.0
United States of America,2006,353328000.0
United States of America,2005,328128000.0
United States of America,2004,305640000.0
United States of America,2003,293852000.0
United States of America,2002,279891000.0
United States of America,2001,280238000.0
United States of America,2000,269513000.0
United States of America,1999,245548000.0
United States of America,1998,226934000.0
United States of America,1997,212708789.0
United States of America,1996,197792150.0
Uruguay,2014,238823.04
Uruguay,2013,218420.4
Uruguay,2012,208385.15
Uruguay,2011,211376.53
Uruguay,2010,192673.72
Uruguay,2009,213506.83
Uruguay,2008,187115.93
Uruguay,2007,191513.87
Uruguay,2006,150636.15
Uruguay,2002,74378.44
Uruguay,2000,70921.93
Uruguay,1999,75749.32
Uruguay,1998,65118.42
Uruguay,1997,112412.89
Uruguay,1996,77106.89
Uzbekistan,2014,339001.69
Viet Nam,2011,789059.3
Viet Nam,2002,340438.8
Zambia,2008,101181.19
Zambia,2005,6670.13
Zambia,2004,5371.92
Zambia,2003,1862.28
Zambia,2002,1095.35
Zambia,1997,1143.05
Zambia,1996,1620.76
